<?xml version="1.0" encoding="UTF-8"?>

<!--
 *
 * @author bouvier et delagrange
-->


<ns1:plateau
    xmlns:xsi='http://www.w3.org/2001/XMLSchema-instance'
    xmlns:ns1='http://Projet_Tux.fr/AlexLeo/plateau'
    xsi:schemaLocation='http://Projet_Tux.fr/AlexLeo/plateau ../XSD/plateau.xsd'>
    <ns1:dimensions>
        <ns1:height>100</ns1:height>
        <ns1:width>100</ns1:width>
        <ns1:depth>100</ns1:depth>
    </ns1:dimensions>
    <ns1:mapping>
        <ns1:textureBottom>textures/skybox/city/bottom.png</ns1:textureBottom>
        <ns1:textureEast>textures/skybox/city/east.png</ns1:textureEast>
        <ns1:textureWest>textures/skybox/city/west.png</ns1:textureWest>
        <ns1:textureNorth>textures/skybox/city/north.png</ns1:textureNorth>
    </ns1:mapping>
    <ns1:pion>models/tux/tux_happy.png</ns1:pion>

</ns1:plateau>
